"Card Name","Quantity","Total Decks","Mark Summary","Slot 1 Color","Slot 1 Deck","Slot 1 Bracket","Slot 2 Color","Slot 2 Deck","Slot 2 Bracket","Slot 3 Color","Slot 3 Deck","Slot 3 Bracket","Slot 4 Color","Slot 4 Deck","Slot 4 Bracket","Slot 5 Color","Slot 5 Deck","Slot 5 Bracket","Slot 6 Color","Slot 6 Deck","Slot 6 Bracket","Slot 7 Color","Slot 7 Deck","Slot 7 Bracket","Slot 8 Color","Slot 8 Deck","Slot 8 Bracket","Slot 9 Color","Slot 9 Deck","Slot 9 Bracket","Slot 10 Color","Slot 10 Deck","Slot 10 Bracket"
"Arcane Signet","1","7","Red, Blue, Green, Yellow, Purple, Orange, Pink","Red","Zombie","2","Blue","66vivi","3","Green","Toph Cheerios","3","Yellow","Satya Sparks","3","Purple","NuttySqrl","2","Orange","FangTheif","3","Pink","BunnyPunch","2",,,,,,,,,
"Command Tower","1","7","Red, Blue, Green, Yellow, Purple, Orange, Pink","Red","Zombie","2","Blue","66vivi","3","Green","Toph Cheerios","3","Yellow","Satya Sparks","3","Purple","NuttySqrl","2","Orange","FangTheif","3","Pink","BunnyPunch","2",,,,,,,,,
"Sol Ring","1","7","Red, Blue, Green, Yellow, Purple, Orange, Pink","Red","Zombie","2","Blue","66vivi","3","Green","Toph Cheerios","3","Yellow","Satya Sparks","3","Purple","NuttySqrl","2","Orange","FangTheif","3","Pink","BunnyPunch","2",,,,,,,,,
"Exotic Orchard","1","6","Red, Blue, Green, Purple, Orange, Pink","Red","Zombie","2","Blue","66vivi","3","Green","Toph Cheerios","3","Purple","NuttySqrl","2","Orange","FangTheif","3","Pink","BunnyPunch","2",,,,,,,,,,,,
"Forest","1","4","Green, Purple, Orange, Pink","Green","Toph Cheerios","3","Purple","NuttySqrl","2","Orange","FangTheif","3","Pink","BunnyPunch","2",,,,,,,,,,,,,,,,,,
"Island","1","4","Red, Blue, Yellow, Orange","Red","Zombie","2","Blue","66vivi","3","Yellow","Satya Sparks","3","Orange","FangTheif","3",,,,,,,,,,,,,,,,,,
"Mountain","1","4","Blue, Green, Yellow, Pink","Blue","66vivi","3","Green","Toph Cheerios","3","Yellow","Satya Sparks","3","Pink","BunnyPunch","2",,,,,,,,,,,,,,,,,,
"Plains","1","4","Red, Green, Yellow, Pink","Red","Zombie","2","Green","Toph Cheerios","3","Yellow","Satya Sparks","3","Pink","BunnyPunch","2",,,,,,,,,,,,,,,,,,
"Battlefield Forge","1","3","Green, Yellow, Pink","Green","Toph Cheerios","3","Yellow","Satya Sparks","3","Pink","BunnyPunch","2",,,,,,,,,,,,,,,,,,,,,
"Birds of Paradise","1","3","Green, Orange, Pink","Green","Toph Cheerios","3","Orange","FangTheif","3","Pink","BunnyPunch","2",,,,,,,,,,,,,,,,,,,,,
"Fellwar Stone","1","3","Yellow, Orange, Pink","Yellow","Satya Sparks","3","Orange","FangTheif","3","Pink","BunnyPunch","2",,,,,,,,,,,,,,,,,,,,,
"Llanowar Elves","1","3","Purple, Orange, Pink","Purple","NuttySqrl","2","Orange","FangTheif","3","Pink","BunnyPunch","2",,,,,,,,,,,,,,,,,,,,,
"Rugged Prairie","1","3","Green, Yellow, Pink","Green","Toph Cheerios","3","Yellow","Satya Sparks","3","Pink","BunnyPunch","2",,,,,,,,,,,,,,,,,,,,,
"Swamp","1","3","Red, Purple, Orange","Red","Zombie","2","Purple","NuttySqrl","2","Orange","FangTheif","3",,,,,,,,,,,,,,,,,,,,,
"Swiftfoot Boots","1","3","Blue, Green, Orange","Blue","66vivi","3","Green","Toph Cheerios","3","Orange","FangTheif","3",,,,,,,,,,,,,,,,,,,,,
"Adarkar Wastes","1","2","Red, Yellow","Red","Zombie","2","Yellow","Satya Sparks","3",,,,,,,,,,,,,,,,,,,,,,,,
"Arbor Elf","1","2","Green, Orange","Green","Toph Cheerios","3","Orange","FangTheif","3",,,,,,,,,,,,,,,,,,,,,,,,
"Austere Command","1","2","Yellow, Pink","Yellow","Satya Sparks","3","Pink","BunnyPunch","2",,,,,,,,,,,,,,,,,,,,,,,,
"Avacyn's Pilgrim","1","2","Green, Pink","Green","Toph Cheerios","3","Pink","BunnyPunch","2",,,,,,,,,,,,,,,,,,,,,,,,
"Brushland","1","2","Green, Pink","Green","Toph Cheerios","3","Pink","BunnyPunch","2",,,,,,,,,,,,,,,,,,,,,,,,
"Cascade Bluffs","1","2","Blue, Yellow","Blue","66vivi","3","Yellow","Satya Sparks","3",,,,,,,,,,,,,,,,,,,,,,,,
"Cultivate","1","2","Green, Orange","Green","Toph Cheerios","3","Orange","FangTheif","3",,,,,,,,,,,,,,,,,,,,,,,,
"Elvish Mystic","1","2","Purple, Orange","Purple","NuttySqrl","2","Orange","FangTheif","3",,,,,,,,,,,,,,,,,,,,,,,,
"Exalted Sunborn","1","2","Yellow, Pink","Yellow","Satya Sparks","3","Pink","BunnyPunch","2",,,,,,,,,,,,,,,,,,,,,,,,
"Felidar Retreat","1","2","Green, Pink","Green","Toph Cheerios","3","Pink","BunnyPunch","2",,,,,,,,,,,,,,,,,,,,,,,,
"Ferrous Lake","1","2","Blue, Yellow","Blue","66vivi","3","Yellow","Satya Sparks","3",,,,,,,,,,,,,,,,,,,,,,,,
"For the Common Good","1","2","Purple, Pink","Purple","NuttySqrl","2","Pink","BunnyPunch","2",,,,,,,,,,,,,,,,,,,,,,,,
"Frantic Search","1","2","Red, Blue","Red","Zombie","2","Blue","66vivi","3",,,,,,,,,,,,,,,,,,,,,,,,
"Frostboil Snarl","1","2","Blue, Yellow","Blue","66vivi","3","Yellow","Satya Sparks","3",,,,,,,,,,,,,,,,,,,,,,,,
"Gemstone Mine","1","2","Green, Orange","Green","Toph Cheerios","3","Orange","FangTheif","3",,,,,,,,,,,,,,,,,,,,,,,,
"Glacial Fortress","1","2","Red, Yellow","Red","Zombie","2","Yellow","Satya Sparks","3",,,,,,,,,,,,,,,,,,,,,,,,
"Harrow","1","2","Green, Orange","Green","Toph Cheerios","3","Orange","FangTheif","3",,,,,,,,,,,,,,,,,,,,,,,,
"Karplusan Forest","1","2","Green, Pink","Green","Toph Cheerios","3","Pink","BunnyPunch","2",,,,,,,,,,,,,,,,,,,,,,,,
"Kodama's Reach","1","2","Green, Orange","Green","Toph Cheerios","3","Orange","FangTheif","3",,,,,,,,,,,,,,,,,,,,,,,,
"Llanowar Wastes","1","2","Purple, Orange","Purple","NuttySqrl","2","Orange","FangTheif","3",,,,,,,,,,,,,,,,,,,,,,,,
"Overgrown Tomb","1","2","Purple, Orange","Purple","NuttySqrl","2","Orange","FangTheif","3",,,,,,,,,,,,,,,,,,,,,,,,
"Path of Ancestry","1","2","Red, Purple","Red","Zombie","2","Purple","NuttySqrl","2",,,,,,,,,,,,,,,,,,,,,,,,
"Path to Exile","1","2","Yellow, Pink","Yellow","Satya Sparks","3","Pink","BunnyPunch","2",,,,,,,,,,,,,,,,,,,,,,,,
"Peregrin Took","1","2","Purple, Pink","Purple","NuttySqrl","2","Pink","BunnyPunch","2",,,,,,,,,,,,,,,,,,,,,,,,
"Phyrexian Arena","1","2","Red, Orange","Red","Zombie","2","Orange","FangTheif","3",,,,,,,,,,,,,,,,,,,,,,,,
"Pongify","1","2","Blue, Orange","Blue","66vivi","3","Orange","FangTheif","3",,,,,,,,,,,,,,,,,,,,,,,,
"Prairie Stream","1","2","Red, Yellow","Red","Zombie","2","Yellow","Satya Sparks","3",,,,,,,,,,,,,,,,,,,,,,,,
"Propaganda","1","2","Blue, Orange","Blue","66vivi","3","Orange","FangTheif","3",,,,,,,,,,,,,,,,,,,,,,,,
"Putrefy","1","2","Purple, Orange","Purple","NuttySqrl","2","Orange","FangTheif","3",,,,,,,,,,,,,,,,,,,,,,,,
"Rampaging Baloths","1","2","Green, Pink","Green","Toph Cheerios","3","Pink","BunnyPunch","2",,,,,,,,,,,,,,,,,,,,,,,,
"Rockfall Vale","1","2","Green, Pink","Green","Toph Cheerios","3","Pink","BunnyPunch","2",,,,,,,,,,,,,,,,,,,,,,,,
"Rootbound Crag","1","2","Green, Pink","Green","Toph Cheerios","3","Pink","BunnyPunch","2",,,,,,,,,,,,,,,,,,,,,,,,
"Shivan Reef","1","2","Blue, Yellow","Blue","66vivi","3","Yellow","Satya Sparks","3",,,,,,,,,,,,,,,,,,,,,,,,
"Stomping Ground","1","2","Green, Pink","Green","Toph Cheerios","3","Pink","BunnyPunch","2",,,,,,,,,,,,,,,,,,,,,,,,
"Sulfur Falls","1","2","Blue, Yellow","Blue","66vivi","3","Yellow","Satya Sparks","3",,,,,,,,,,,,,,,,,,,,,,,,
"Sungrass Prairie","1","2","Green, Pink","Green","Toph Cheerios","3","Pink","BunnyPunch","2",,,,,,,,,,,,,,,,,,,,,,,,
"Talisman of Dominance","1","2","Red, Orange","Red","Zombie","2","Orange","FangTheif","3",,,,,,,,,,,,,,,,,,,,,,,,
"Talisman of Resilience","1","2","Purple, Orange","Purple","NuttySqrl","2","Orange","FangTheif","3",,,,,,,,,,,,,,,,,,,,,,,,
"Temple of Abandon","1","2","Green, Pink","Green","Toph Cheerios","3","Pink","BunnyPunch","2",,,,,,,,,,,,,,,,,,,,,,,,
"Temple of Plenty","1","2","Green, Pink","Green","Toph Cheerios","3","Pink","BunnyPunch","2",,,,,,,,,,,,,,,,,,,,,,,,
"Underground River","1","2","Red, Orange","Red","Zombie","2","Orange","FangTheif","3",,,,,,,,,,,,,,,,,,,,,,,,
"Undergrowth Stadium","1","2","Purple, Orange","Purple","NuttySqrl","2","Orange","FangTheif","3",,,,,,,,,,,,,,,,,,,,,,,,
"Wastewood Verge","1","2","Purple, Orange","Purple","NuttySqrl","2","Orange","FangTheif","3",,,,,,,,,,,,,,,,,,,,,,,,
"Watery Grave","1","2","Red, Orange","Red","Zombie","2","Orange","FangTheif","3",,,,,,,,,,,,,,,,,,,,,,,,
"Whispersilk Cloak","1","2","Yellow, Pink","Yellow","Satya Sparks","3","Pink","BunnyPunch","2",,,,,,,,,,,,,,,,,,,,,,,,
"Windswept Heath","1","2","Green, Pink","Green","Toph Cheerios","3","Pink","BunnyPunch","2",,,,,,,,,,,,,,,,,,,,,,,,
"Wooded Foothills","1","2","Green, Pink","Green","Toph Cheerios","3","Pink","BunnyPunch","2",,,,,,,,,,,,,,,,,,,,,,,,
"Academy Manufactor","1","1","Purple","Purple","NuttySqrl","2",,,,,,,,,,,,,,,,,,,,,,,,,,,
"Accursed Duneyard","1","1","Red","Red","Zombie","2",,,,,,,,,,,,,,,,,,,,,,,,,,,
"Accursed Marauder","1","1","Red","Red","Zombie","2",,,,,,,,,,,,,,,,,,,,,,,,,,,
"Aerial Extortionist","1","1","Yellow","Yellow","Satya Sparks","3",,,,,,,,,,,,,,,,,,,,,,,,,,,
"Aether Hub","1","1","Yellow","Yellow","Satya Sparks","3",,,,,,,,,,,,,,,,,,,,,,,,,,,
"Aether Revolt","1","1","Yellow","Yellow","Satya Sparks","3",,,,,,,,,,,,,,,,,,,,,,,,,,,
"Aether Tunnel","1","1","Orange","Orange","FangTheif","3",,,,,,,,,,,,,,,,,,,,,,,,,,,
"Aethersquall Ancient","1","1","Yellow","Yellow","Satya Sparks","3",,,,,,,,,,,,,,,,,,,,,,,,,,,
"Aetherstorm Roc","1","1","Yellow","Yellow","Satya Sparks","3",,,,,,,,,,,,,,,,,,,,,,,,,,,
"Aethertide Whale","1","1","Yellow","Yellow","Satya Sparks","3",,,,,,,,,,,,,,,,,,,,,,,,,,,
"Aetherworks Marvel","1","1","Yellow","Yellow","Satya Sparks","3",,,,,,,,,,,,,,,,,,,,,,,,,,,
"Akroma's Will","1","1","Yellow","Yellow","Satya Sparks","3",,,,,,,,,,,,,,,,,,,,,,,,,,,
"Alania, Divergent Storm","1","1","Blue","Blue","66vivi","3",,,,,,,,,,,,,,,,,,,,,,,,,,,
"Alpha Authority","1","1","Orange","Orange","FangTheif","3",,,,,,,,,,,,,,,,,,,,,,,,,,,
"Altar's Reap","1","1","Red","Red","Zombie","2",,,,,,,,,,,,,,,,,,,,,,,,,,,
"An Offer You Can't Refuse","1","1","Blue","Blue","66vivi","3",,,,,,,,,,,,,,,,,,,,,,,,,,,
"Ana Sanctuary","1","1","Orange","Orange","FangTheif","3",,,,,,,,,,,,,,,,,,,,,,,,,,,
"Anim Pakal, Thousandth Moon","1","1","Pink","Pink","BunnyPunch","2",,,,,,,,,,,,,,,,,,,,,,,,,,,
"Anticausal Vestige","1","1","Green","Green","Toph Cheerios","3",,,,,,,,,,,,,,,,,,,,,,,,,,,
"Aqueous Form","1","1","Orange","Orange","FangTheif","3",,,,,,,,,,,,,,,,,,,,,,,,,,,
"Arachnogenesis","1","1","Pink","Pink","BunnyPunch","2",,,,,,,,,,,,,,,,,,,,,,,,,,,
"Arcane Bombardment","1","1","Blue","Blue","66vivi","3",,,,,,,,,,,,,,,,,,,,,,,,,,,
"Arcane Denial","1","1","Orange","Orange","FangTheif","3",,,,,,,,,,,,,,,,,,,,,,,,,,,
"Arcane Sanctum","1","1","Red","Red","Zombie","2",,,,,,,,,,,,,,,,,,,,,,,,,,,
"Archmage Emeritus","1","1","Blue","Blue","66vivi","3",,,,,,,,,,,,,,,,,,,,,,,,,,,
"Army of the Damned","1","1","Red","Red","Zombie","2",,,,,,,,,,,,,,,,,,,,,,,,,,,
"Artist's Talent","1","1","Blue","Blue","66vivi","3",,,,,,,,,,,,,,,,,,,,,,,,,,,
"Assaultron Dominator","1","1","Yellow","Yellow","Satya Sparks","3",,,,,,,,,,,,,,,,,,,,,,,,,,,
"Assemble the Legion","1","1","Pink","Pink","BunnyPunch","2",,,,,,,,,,,,,,,,,,,,,,,,,,,
"Audience with Trostani","1","1","Pink","Pink","BunnyPunch","2",,,,,,,,,,,,,,,,,,,,,,,,,,,
"Aura Mutation","1","1","Pink","Pink","BunnyPunch","2",,,,,,,,,,,,,,,,,,,,,,,,,,,
"Aurora Shifter","1","1","Yellow","Yellow","Satya Sparks","3",,,,,,,,,,,,,,,,,,,,,,,,,,,
"Automated Assembly Line","1","1","Yellow","Yellow","Satya Sparks","3",,,,,,,,,,,,,,,,,,,,,,,,,,,
"Ba Sing Se","1","1","Green","Green","Toph Cheerios","3",,,,,,,,,,,,,,,,,,,,,,,,,,,
"Badgermole","1","1","Green","Green","Toph Cheerios","3",,,,,,,,,,,,,,,,,,,,,,,,,,,
"Badgermole Cub","1","1","Green","Green","Toph Cheerios","3",,,,,,,,,,,,,,,,,,,,,,,,,,,
"Bastion of Remembrance","1","1","Purple","Purple","NuttySqrl","2",,,,,,,,,,,,,,,,,,,,,,,,,,,
"Baylen, the Haymaker","1","1","Pink","Pink","BunnyPunch","2",,,,,,,,,,,,,,,,,,,,,,,,,,,
"Beastmaster Ascension","1","1","Purple","Purple","NuttySqrl","2",,,,,,,,,,,,,,,,,,,,,,,,,,,
"Behemoth of Vault 0","1","1","Yellow","Yellow","Satya Sparks","3",,,,,,,,,,,,,,,,,,,,,,,,,,,
"Beledros Witherbloom","1","1","Purple","Purple","NuttySqrl","2",,,,,,,,,,,,,,,,,,,,,,,,,,,
"Bender's Waterskin","1","1","Green","Green","Toph Cheerios","3",,,,,,,,,,,,,,,,,,,,,,,,,,,
"Binding the Old Gods","1","1","Purple","Purple","NuttySqrl","2",,,,,,,,,,,,,,,,,,,,,,,,,,,
"Blackblade Reforged","1","1","Orange","Orange","FangTheif","3",,,,,,,,,,,,,,,,,,,,,,,,,,,
"Bladestitched Skaab","1","1","Red","Red","Zombie","2",,,,,,,,,,,,,,,,,,,,,,,,,,,
"Blast Zone","1","1","Blue","Blue","66vivi","3",,,,,,,,,,,,,,,,,,,,,,,,,,,
"Blaster Hulk","1","1","Yellow","Yellow","Satya Sparks","3",,,,,,,,,,,,,,,,,,,,,,,,,,,
"Bleachbone Verge","1","1","Red","Red","Zombie","2",,,,,,,,,,,,,,,,,,,,,,,,,,,
"Blood Pet","1","1","Orange","Orange","FangTheif","3",,,,,,,,,,,,,,,,,,,,,,,,,,,
"Bloodroot Apothecary","1","1","Purple","Purple","NuttySqrl","2",,,,,,,,,,,,,,,,,,,,,,,,,,,
"Blossoming Defense","1","1","Orange","Orange","FangTheif","3",,,,,,,,,,,,,,,,,,,,,,,,,,,
"Bojuka Bog","1","1","Purple","Purple","NuttySqrl","2",,,,,,,,,,,,,,,,,,,,,,,,,,,
"Bontu's Monument","1","1","Red","Red","Zombie","2",,,,,,,,,,,,,,,,,,,,,,,,,,,
"Bonus Round","1","1","Blue","Blue","66vivi","3",,,,,,,,,,,,,,,,,,,,,,,,,,,
"Bootleggers' Stash","1","1","Pink","Pink","BunnyPunch","2",,,,,,,,,,,,,,,,,,,,,,,,,,,
"Brainstorm","1","1","Blue","Blue","66vivi","3",,,,,,,,,,,,,,,,,,,,,,,,,,,
"Breeding Pool","1","1","Orange","Orange","FangTheif","3",,,,,,,,,,,,,,,,,,,,,,,,,,,
"Brightglass Gearhulk","1","1","Green","Green","Toph Cheerios","3",,,,,,,,,,,,,,,,,,,,,,,,,,,
"Brigid, Clachan's Heart","1","1","Pink","Pink","BunnyPunch","2",,,,,,,,,,,,,,,,,,,,,,,,,,,
"Brotherhood Scribe","1","1","Yellow","Yellow","Satya Sparks","3",,,,,,,,,,,,,,,,,,,,,,,,,,,
"Bumi, Unleashed","1","1","Green","Green","Toph Cheerios","3",,,,,,,,,,,,,,,,,,,,,,,,,,,
"Bushwhack","1","1","Orange","Orange","FangTheif","3",,,,,,,,,,,,,,,,,,,,,,,,,,,
"Cache Grab","1","1","Purple","Purple","NuttySqrl","2",,,,,,,,,,,,,,,,,,,,,,,,,,,
"Cadira, Caller of the Small","1","1","Pink","Pink","BunnyPunch","2",,,,,,,,,,,,,,,,,,,,,,,,,,,
"Canopy Cover","1","1","Orange","Orange","FangTheif","3",,,,,,,,,,,,,,,,,,,,,,,,,,,
"Canopy Vista","1","1","Pink","Pink","BunnyPunch","2",,,,,,,,,,,,,,,,,,,,,,,,,,,
"Castle Vantress","1","1","Yellow","Yellow","Satya Sparks","3",,,,,,,,,,,,,,,,,,,,,,,,,,,
"Casualties of War","1","1","Purple","Purple","NuttySqrl","2",,,,,,,,,,,,,,,,,,,,,,,,,,,
"Cathars' Crusade","1","1","Pink","Pink","BunnyPunch","2",,,,,,,,,,,,,,,,,,,,,,,,,,,
"Caves of Koilos","1","1","Red","Red","Zombie","2",,,,,,,,,,,,,,,,,,,,,,,,,,,
"Cemetery Reaper","1","1","Red","Red","Zombie","2",,,,,,,,,,,,,,,,,,,,,,,,,,,
"Cephalid Coliseum","1","1","Red","Red","Zombie","2",,,,,,,,,,,,,,,,,,,,,,,,,,,
"Chatter of the Squirrel","1","1","Purple","Purple","NuttySqrl","2",,,,,,,,,,,,,,,,,,,,,,,,,,,
"Chatterfang, Squirrel General","1","1","Purple","Purple","NuttySqrl","2",,,,,,,,,,,,,,,,,,,,,,,,,,,
"Chatterstorm","1","1","Purple","Purple","NuttySqrl","2",,,,,,,,,,,,,,,,,,,,,,,,,,,
"Chitterspitter","1","1","Purple","Purple","NuttySqrl","2",,,,,,,,,,,,,,,,,,,,,,,,,,,
"Chromatic Star","1","1","Green","Green","Toph Cheerios","3",,,,,,,,,,,,,,,,,,,,,,,,,,,
"Cinder Glade","1","1","Pink","Pink","BunnyPunch","2",,,,,,,,,,,,,,,,,,,,,,,,,,,
"Claws of Gix","1","1","Green","Green","Toph Cheerios","3",,,,,,,,,,,,,,,,,,,,,,,,,,,
"Clifftop Retreat","1","1","Yellow","Yellow","Satya Sparks","3",,,,,,,,,,,,,,,,,,,,,,,,,,,
"Cloak of Mists","1","1","Orange","Orange","FangTheif","3",,,,,,,,,,,,,,,,,,,,,,,,,,,
"Coalition Relic","1","1","Yellow","Yellow","Satya Sparks","3",,,,,,,,,,,,,,,,,,,,,,,,,,,
"Cold-Eyed Selkie","1","1","Orange","Orange","FangTheif","3",,,,,,,,,,,,,,,,,,,,,,,,,,,
"Colossification","1","1","Orange","Orange","FangTheif","3",,,,,,,,,,,,,,,,,,,,,,,,,,,
"Combat Research","1","1","Orange","Orange","FangTheif","3",,,,,,,,,,,,,,,,,,,,,,,,,,,
"Commander's Sphere","1","1","Red","Red","Zombie","2",,,,,,,,,,,,,,,,,,,,,,,,,,,
"Conclave Sledge-Captain","1","1","Orange","Orange","FangTheif","3",,,,,,,,,,,,,,,,,,,,,,,,,,,
"Confiscation Coup","1","1","Yellow","Yellow","Satya Sparks","3",,,,,,,,,,,,,,,,,,,,,,,,,,,
"Contaminated Landscape","1","1","Red","Red","Zombie","2",,,,,,,,,,,,,,,,,,,,,,,,,,,
"Conversion Apparatus","1","1","Yellow","Yellow","Satya Sparks","3",,,,,,,,,,,,,,,,,,,,,,,,,,,
"Coveted Jewel","1","1","Red","Red","Zombie","2",,,,,,,,,,,,,,,,,,,,,,,,,,,
"Crowded Crypt","1","1","Red","Red","Zombie","2",,,,,,,,,,,,,,,,,,,,,,,,,,,
"Cryptbreaker","1","1","Red","Red","Zombie","2",,,,,,,,,,,,,,,,,,,,,,,,,,,
"Cryptcaller Chariot","1","1","Red","Red","Zombie","2",,,,,,,,,,,,,,,,,,,,,,,,,,,
"Damn","1","1","Red","Red","Zombie","2",,,,,,,,,,,,,,,,,,,,,,,,,,,
"Darksteel Ingot","1","1","Green","Green","Toph Cheerios","3",,,,,,,,,,,,,,,,,,,,,,,,,,,
"Darksteel Relic","1","1","Green","Green","Toph Cheerios","3",,,,,,,,,,,,,,,,,,,,,,,,,,,
"Dawnsire, Sunstar Dreadnought","1","1","Pink","Pink","BunnyPunch","2",,,,,,,,,,,,,,,,,,,,,,,,,,,
"Deadly Dispute","1","1","Purple","Purple","NuttySqrl","2",,,,,,,,,,,,,,,,,,,,,,,,,,,
"Decoction Module","1","1","Yellow","Yellow","Satya Sparks","3",,,,,,,,,,,,,,,,,,,,,,,,,,,
"Decree of Pain","1","1","Purple","Purple","NuttySqrl","2",,,,,,,,,,,,,,,,,,,,,,,,,,,
"Deep Forest Hermit","1","1","Purple","Purple","NuttySqrl","2",,,,,,,,,,,,,,,,,,,,,,,,,,,
"Demolition Field","1","1","Yellow","Yellow","Satya Sparks","3",,,,,,,,,,,,,,,,,,,,,,,,,,,
"Deploy to the Front","1","1","Pink","Pink","BunnyPunch","2",,,,,,,,,,,,,,,,,,,,,,,,,,,
"Despark","1","1","Red","Red","Zombie","2",,,,,,,,,,,,,,,,,,,,,,,,,,,
"Desperate Ritual","1","1","Blue","Blue","66vivi","3",,,,,,,,,,,,,,,,,,,,,,,,,,,
"Devilish Valet","1","1","Pink","Pink","BunnyPunch","2",,,,,,,,,,,,,,,,,,,,,,,,,,,
"Dig Through Time","1","1","Blue","Blue","66vivi","3",,,,,,,,,,,,,,,,,,,,,,,,,,,
"Dismal Backwater","1","1","Red","Red","Zombie","2",,,,,,,,,,,,,,,,,,,,,,,,,,,
"Dr. John Seward","1","1","Pink","Pink","BunnyPunch","2",,,,,,,,,,,,,,,,,,,,,,,,,,,
"Dr. Madison Li","1","1","Yellow","Yellow","Satya Sparks","3",,,,,,,,,,,,,,,,,,,,,,,,,,,
"Dragonfire Blade","1","1","Orange","Orange","FangTheif","3",,,,,,,,,,,,,,,,,,,,,,,,,,,
"Dread Summons","1","1","Red","Red","Zombie","2",,,,,,,,,,,,,,,,,,,,,,,,,,,
"Drey Keeper","1","1","Purple","Purple","NuttySqrl","2",,,,,,,,,,,,,,,,,,,,,,,,,,,
"Drowned Catacomb","1","1","Red","Red","Zombie","2",,,,,,,,,,,,,,,,,,,,,,,,,,,
"Dusk/Dawn","1","1","Red","Red","Zombie","2",,,,,,,,,,,,,,,,,,,,,,,,,,,
"Eidolon of Blossoms","1","1","Orange","Orange","FangTheif","3",,,,,,,,,,,,,,,,,,,,,,,,,,,
"Electrosiphon","1","1","Yellow","Yellow","Satya Sparks","3",,,,,,,,,,,,,,,,,,,,,,,,,,,
"Elves of Deep Shadow","1","1","Orange","Orange","FangTheif","3",,,,,,,,,,,,,,,,,,,,,,,,,,,
"Embalmed Ascendant","1","1","Red","Red","Zombie","2",,,,,,,,,,,,,,,,,,,,,,,,,,,
"Emeria Angel","1","1","Pink","Pink","BunnyPunch","2",,,,,,,,,,,,,,,,,,,,,,,,,,,
"Emrakul's Evangel","1","1","Pink","Pink","BunnyPunch","2",,,,,,,,,,,,,,,,,,,,,,,,,,,
"Enchantress's Presence","1","1","Orange","Orange","FangTheif","3",,,,,,,,,,,,,,,,,,,,,,,,,,,
"End-Raze Forerunners","1","1","Purple","Purple","NuttySqrl","2",,,,,,,,,,,,,,,,,,,,,,,,,,,
"Ã‰omer, Marshal of Rohan","1","1","Yellow","Yellow","Satya Sparks","3",,,,,,,,,,,,,,,,,,,,,,,,,,,
"Esper Charm","1","1","Red","Red","Zombie","2",,,,,,,,,,,,,,,,,,,,,,,,,,,
"Eternal Skylord","1","1","Red","Red","Zombie","2",,,,,,,,,,,,,,,,,,,,,,,,,,,
"Everflowing Chalice","1","1","Green","Green","Toph Cheerios","3",,,,,,,,,,,,,,,,,,,,,,,,,,,
"Evolution Sage","1","1","Green","Green","Toph Cheerios","3",,,,,,,,,,,,,,,,,,,,,,,,,,,
"Evolving Wilds","1","1","Green","Green","Toph Cheerios","3",,,,,,,,,,,,,,,,,,,,,,,,,,,
"Expedition Map","1","1","Green","Green","Toph Cheerios","3",,,,,,,,,,,,,,,,,,,,,,,,,,,
"Explore","1","1","Green","Green","Toph Cheerios","3",,,,,,,,,,,,,,,,,,,,,,,,,,,
"Expressive Iteration","1","1","Blue","Blue","66vivi","3",,,,,,,,,,,,,,,,,,,,,,,,,,,
"Ezuri's Predation","1","1","Pink","Pink","BunnyPunch","2",,,,,,,,,,,,,,,,,,,,,,,,,,,
"Fabrication Module","1","1","Yellow","Yellow","Satya Sparks","3",,,,,,,,,,,,,,,,,,,,,,,,,,,
"Fanatic of the Harrowing","1","1","Orange","Orange","FangTheif","3",,,,,,,,,,,,,,,,,,,,,,,,,,,
"Farewell","1","1","Yellow","Yellow","Satya Sparks","3",,,,,,,,,,,,,,,,,,,,,,,,,,,
"Farseek","1","1","Green","Green","Toph Cheerios","3",,,,,,,,,,,,,,,,,,,,,,,,,,,
"Favor of the Overbeing","1","1","Orange","Orange","FangTheif","3",,,,,,,,,,,,,,,,,,,,,,,,,,,
"Fear of Missing Out","1","1","Yellow","Yellow","Satya Sparks","3",,,,,,,,,,,,,,,,,,,,,,,,,,,
"Fecund Greenshell","1","1","Green","Green","Toph Cheerios","3",,,,,,,,,,,,,,,,,,,,,,,,,,,
"Felix Five-Boots","1","1","Orange","Orange","FangTheif","3",,,,,,,,,,,,,,,,,,,,,,,,,,,
"Fell","1","1","Purple","Purple","NuttySqrl","2",,,,,,,,,,,,,,,,,,,,,,,,,,,
"Fell the Profane","1","1","Red","Red","Zombie","2",,,,,,,,,,,,,,,,,,,,,,,,,,,
"Fertile Ground","1","1","Orange","Orange","FangTheif","3",,,,,,,,,,,,,,,,,,,,,,,,,,,
"Flare of Duplication","1","1","Blue","Blue","66vivi","3",,,,,,,,,,,,,,,,,,,,,,,,,,,
"Fleeting Effigy","1","1","Blue","Blue","66vivi","3",,,,,,,,,,,,,,,,,,,,,,,,,,,
"Flooded Grove","1","1","Orange","Orange","FangTheif","3",,,,,,,,,,,,,,,,,,,,,,,,,,,
"Forger's Foundry","1","1","Blue","Blue","66vivi","3",,,,,,,,,,,,,,,,,,,,,,,,,,,
"Forgotten Creation","1","1","Red","Red","Zombie","2",,,,,,,,,,,,,,,,,,,,,,,,,,,
"Foundry Inspector","1","1","Green","Green","Toph Cheerios","3",,,,,,,,,,,,,,,,,,,,,,,,,,,
"Fountain of Youth","1","1","Green","Green","Toph Cheerios","3",,,,,,,,,,,,,,,,,,,,,,,,,,,
"Furycalm Snarl","1","1","Yellow","Yellow","Satya Sparks","3",,,,,,,,,,,,,,,,,,,,,,,,,,,
"Fyndhorn Elves","1","1","Orange","Orange","FangTheif","3",,,,,,,,,,,,,,,,,,,,,,,,,,,
"Galvanic Iteration","1","1","Blue","Blue","66vivi","3",,,,,,,,,,,,,,,,,,,,,,,,,,,
"Galvanic Key","1","1","Green","Green","Toph Cheerios","3",,,,,,,,,,,,,,,,,,,,,,,,,,,
"Gamble","1","1","Green","Green","Toph Cheerios","3",,,,,,,,,,,,,,,,,,,,,,,,,,,
"Generous Gift","1","1","Yellow","Yellow","Satya Sparks","3",,,,,,,,,,,,,,,,,,,,,,,,,,,
"Giant Adephage","1","1","Pink","Pink","BunnyPunch","2",,,,,,,,,,,,,,,,,,,,,,,,,,,
"Giant Growth","1","1","Orange","Orange","FangTheif","3",,,,,,,,,,,,,,,,,,,,,,,,,,,
"Gift of the Viper","1","1","Orange","Orange","FangTheif","3",,,,,,,,,,,,,,,,,,,,,,,,,,,
"Gisa and Geralf","1","1","Red","Red","Zombie","2",,,,,,,,,,,,,,,,,,,,,,,,,,,
"Gisa's Bidding","1","1","Red","Red","Zombie","2",,,,,,,,,,,,,,,,,,,,,,,,,,,
"Gitaxian Probe","1","1","Blue","Blue","66vivi","3",,,,,,,,,,,,,,,,,,,,,,,,,,,
"Glacial Ray","1","1","Blue","Blue","66vivi","3",,,,,,,,,,,,,,,,,,,,,,,,,,,
"Gleaming Overseer","1","1","Red","Red","Zombie","2",,,,,,,,,,,,,,,,,,,,,,,,,,,
"Glimmer of Genius","1","1","Yellow","Yellow","Satya Sparks","3",,,,,,,,,,,,,,,,,,,,,,,,,,,
"Gloomlake Verge","1","1","Orange","Orange","FangTheif","3",,,,,,,,,,,,,,,,,,,,,,,,,,,
"Goblin Bombardment","1","1","Pink","Pink","BunnyPunch","2",,,,,,,,,,,,,,,,,,,,,,,,,,,
"Goblin Electromancer","1","1","Blue","Blue","66vivi","3",,,,,,,,,,,,,,,,,,,,,,,,,,,
"Goblin Kaboomist","1","1","Pink","Pink","BunnyPunch","2",,,,,,,,,,,,,,,,,,,,,,,,,,,
"God-Eternal Oketra","1","1","Red","Red","Zombie","2",,,,,,,,,,,,,,,,,,,,,,,,,,,
"Goldspan Dragon","1","1","Yellow","Yellow","Satya Sparks","3",,,,,,,,,,,,,,,,,,,,,,,,,,,
"Golgari Signet","1","1","Purple","Purple","NuttySqrl","2",,,,,,,,,,,,,,,,,,,,,,,,,,,
"Gonti's Aether Heart","1","1","Yellow","Yellow","Satya Sparks","3",,,,,,,,,,,,,,,,,,,,,,,,,,,
"Gourmand's Talent","1","1","Purple","Purple","NuttySqrl","2",,,,,,,,,,,,,,,,,,,,,,,,,,,
"Gratuitous Violence","1","1","Yellow","Yellow","Satya Sparks","3",,,,,,,,,,,,,,,,,,,,,,,,,,,
"Grave Titan","1","1","Red","Red","Zombie","2",,,,,,,,,,,,,,,,,,,,,,,,,,,
"Gray Merchant of Asphodel","1","1","Red","Red","Zombie","2",,,,,,,,,,,,,,,,,,,,,,,,,,,
"Great Divide Guide","1","1","Green","Green","Toph Cheerios","3",,,,,,,,,,,,,,,,,,,,,,,,,,,
"Grim Backwoods","1","1","Purple","Purple","NuttySqrl","2",,,,,,,,,,,,,,,,,,,,,,,,,,,
"Guide of Souls","1","1","Yellow","Yellow","Satya Sparks","3",,,,,,,,,,,,,,,,,,,,,,,,,,,
"Guttersnipe","1","1","Blue","Blue","66vivi","3",,,,,,,,,,,,,,,,,,,,,,,,,,,
"Harvest Season","1","1","Pink","Pink","BunnyPunch","2",,,,,,,,,,,,,,,,,,,,,,,,,,,
"Haughty Djinn","1","1","Blue","Blue","66vivi","3",,,,,,,,,,,,,,,,,,,,,,,,,,,
"Haywire Mite","1","1","Green","Green","Toph Cheerios","3",,,,,,,,,,,,,,,,,,,,,,,,,,,
"Hazel of the Rootbloom","1","1","Purple","Purple","NuttySqrl","2",,,,,,,,,,,,,,,,,,,,,,,,,,,
"Hazel's Brewmaster","1","1","Purple","Purple","NuttySqrl","2",,,,,,,,,,,,,,,,,,,,,,,,,,,
"HELIOS One","1","1","Yellow","Yellow","Satya Sparks","3",,,,,,,,,,,,,,,,,,,,,,,,,,,
"Helm of the Host","1","1","Yellow","Yellow","Satya Sparks","3",,,,,,,,,,,,,,,,,,,,,,,,,,,
"Herbal Poultice","1","1","Green","Green","Toph Cheerios","3",,,,,,,,,,,,,,,,,,,,,,,,,,,
"Hero of Bladehold","1","1","Pink","Pink","BunnyPunch","2",,,,,,,,,,,,,,,,,,,,,,,,,,,
"Heroic Intervention","1","1","Pink","Pink","BunnyPunch","2",,,,,,,,,,,,,,,,,,,,,,,,,,,
"Hindering Light","1","1","Red","Red","Zombie","2",,,,,,,,,,,,,,,,,,,,,,,,,,,
"Hinterland Harbor","1","1","Orange","Orange","FangTheif","3",,,,,,,,,,,,,,,,,,,,,,,,,,,
"Honored Dreyleader","1","1","Purple","Purple","NuttySqrl","2",,,,,,,,,,,,,,,,,,,,,,,,,,,
"Horn of Gondor","1","1","Pink","Pink","BunnyPunch","2",,,,,,,,,,,,,,,,,,,,,,,,,,,
"Hour of Reckoning","1","1","Pink","Pink","BunnyPunch","2",,,,,,,,,,,,,,,,,,,,,,,,,,,
"Hugs, Grisly Guardian","1","1","Green","Green","Toph Cheerios","3",,,,,,,,,,,,,,,,,,,,,,,,,,,
"Hullbreaker Horror","1","1","Blue","Blue","66vivi","3",,,,,,,,,,,,,,,,,,,,,,,,,,,
"Hydra's Growth","1","1","Orange","Orange","FangTheif","3",,,,,,,,,,,,,,,,,,,,,,,,,,,
"Icetill Explorer","1","1","Green","Green","Toph Cheerios","3",,,,,,,,,,,,,,,,,,,,,,,,,,,
"Ichor Wellspring","1","1","Green","Green","Toph Cheerios","3",,,,,,,,,,,,,,,,,,,,,,,,,,,
"Idol of Oblivion","1","1","Purple","Purple","NuttySqrl","2",,,,,,,,,,,,,,,,,,,,,,,,,,,
"Indomitable Might","1","1","Orange","Orange","FangTheif","3",,,,,,,,,,,,,,,,,,,,,,,,,,,
"Insatiable Frugivore","1","1","Purple","Purple","NuttySqrl","2",,,,,,,,,,,,,,,,,,,,,,,,,,,
"Invasion of New Capenna","1","1","Red","Red","Zombie","2",,,,,,,,,,,,,,,,,,,,,,,,,,,
"Isolated Chapel","1","1","Red","Red","Zombie","2",,,,,,,,,,,,,,,,,,,,,,,,,,,
"Izzet Generatorium","1","1","Yellow","Yellow","Satya Sparks","3",,,,,,,,,,,,,,,,,,,,,,,,,,,
"Izzet Signet","1","1","Blue","Blue","66vivi","3",,,,,,,,,,,,,,,,,,,,,,,,,,,
"Jet Medallion","1","1","Red","Red","Zombie","2",,,,,,,,,,,,,,,,,,,,,,,,,,,
"Jungle Shrine","1","1","Pink","Pink","BunnyPunch","2",,,,,,,,,,,,,,,,,,,,,,,,,,,
"Kinscaer Sentry","1","1","Pink","Pink","BunnyPunch","2",,,,,,,,,,,,,,,,,,,,,,,,,,,
"Knowledge Is Power","1","1","Red","Red","Zombie","2",,,,,,,,,,,,,,,,,,,,,,,,,,,
"Kotis, the Fangkeeper","1","1","Orange","Orange","FangTheif","3",,,,,,,,,,,,,,,,,,,,,,,,,,,
"Krenko, Tin Street Kingpin","1","1","Pink","Pink","BunnyPunch","2",,,,,,,,,,,,,,,,,,,,,,,,,,,
"Lantern of Insight","1","1","Green","Green","Toph Cheerios","3",,,,,,,,,,,,,,,,,,,,,,,,,,,
"Lightning Axe","1","1","Blue","Blue","66vivi","3",,,,,,,,,,,,,,,,,,,,,,,,,,,
"Lightning Greaves","1","1","Pink","Pink","BunnyPunch","2",,,,,,,,,,,,,,,,,,,,,,,,,,,
"Lightning Runner","1","1","Yellow","Yellow","Satya Sparks","3",,,,,,,,,,,,,,,,,,,,,,,,,,,
"Liliana, Death's Majesty","1","1","Red","Red","Zombie","2",,,,,,,,,,,,,,,,,,,,,,,,,,,
"Llanowar Scout","1","1","Green","Green","Toph Cheerios","3",,,,,,,,,,,,,,,,,,,,,,,,,,,
"Loading Zone","1","1","Green","Green","Toph Cheerios","3",,,,,,,,,,,,,,,,,,,,,,,,,,,
"Localized Destruction","1","1","Yellow","Yellow","Satya Sparks","3",,,,,,,,,,,,,,,,,,,,,,,,,,,
"Lock and Load","1","1","Blue","Blue","66vivi","3",,,,,,,,,,,,,,,,,,,,,,,,,,,
"Loot, Exuberant Explorer","1","1","Green","Green","Toph Cheerios","3",,,,,,,,,,,,,,,,,,,,,,,,,,,
"Lord of the Accursed","1","1","Red","Red","Zombie","2",,,,,,,,,,,,,,,,,,,,,,,,,,,
"Lost Monarch of Ifnir","1","1","Red","Red","Zombie","2",,,,,,,,,,,,,,,,,,,,,,,,,,,
"Lotus Cobra","1","1","Green","Green","Toph Cheerios","3",,,,,,,,,,,,,,,,,,,,,,,,,,,
"Lumra, Bellow of the Woods","1","1","Green","Green","Toph Cheerios","3",,,,,,,,,,,,,,,,,,,,,,,,,,,
"Maja, Bretagard Protector","1","1","Pink","Pink","BunnyPunch","2",,,,,,,,,,,,,,,,,,,,,,,,,,,
"Mana Leak","1","1","Blue","Blue","66vivi","3",,,,,,,,,,,,,,,,,,,,,,,,,,,
"March of the Multitudes","1","1","Pink","Pink","BunnyPunch","2",,,,,,,,,,,,,,,,,,,,,,,,,,,
"March of the World Ooze","1","1","Pink","Pink","BunnyPunch","2",,,,,,,,,,,,,,,,,,,,,,,,,,,
"Midnight Reaper","1","1","Red","Red","Zombie","2",,,,,,,,,,,,,,,,,,,,,,,,,,,
"Mind Stone","1","1","Blue","Blue","66vivi","3",,,,,,,,,,,,,,,,,,,,,,,,,,,
"Mirkwood Bats","1","1","Purple","Purple","NuttySqrl","2",,,,,,,,,,,,,,,,,,,,,,,,,,,
"Mishra's Bauble","1","1","Green","Green","Toph Cheerios","3",,,,,,,,,,,,,,,,,,,,,,,,,,,
"Mizzix's Mastery","1","1","Blue","Blue","66vivi","3",,,,,,,,,,,,,,,,,,,,,,,,,,,
"Moan of the Unhallowed","1","1","Red","Red","Zombie","2",,,,,,,,,,,,,,,,,,,,,,,,,,,
"Moldervine Reclamation","1","1","Purple","Purple","NuttySqrl","2",,,,,,,,,,,,,,,,,,,,,,,,,,,
"Monumental Henge","1","1","Green","Green","Toph Cheerios","3",,,,,,,,,,,,,,,,,,,,,,,,,,,
"Moraug, Fury of Akoum","1","1","Green","Green","Toph Cheerios","3",,,,,,,,,,,,,,,,,,,,,,,,,,,
"Morbid Opportunist","1","1","Purple","Purple","NuttySqrl","2",,,,,,,,,,,,,,,,,,,,,,,,,,,
"Morphic Pool","1","1","Orange","Orange","FangTheif","3",,,,,,,,,,,,,,,,,,,,,,,,,,,
"Mossborn Hydra","1","1","Green","Green","Toph Cheerios","3",,,,,,,,,,,,,,,,,,,,,,,,,,,
"Mossbridge Troll","1","1","Purple","Purple","NuttySqrl","2",,,,,,,,,,,,,,,,,,,,,,,,,,,
"Mossfire Valley","1","1","Green","Green","Toph Cheerios","3",,,,,,,,,,,,,,,,,,,,,,,,,,,
"Mosswort Bridge","1","1","Orange","Orange","FangTheif","3",,,,,,,,,,,,,,,,,,,,,,,,,,,
"Muraganda Raceway","1","1","Green","Green","Toph Cheerios","3",,,,,,,,,,,,,,,,,,,,,,,,,,,
"Murderous Rider","1","1","Red","Red","Zombie","2",,,,,,,,,,,,,,,,,,,,,,,,,,,
"Mystic Gate","1","1","Yellow","Yellow","Satya Sparks","3",,,,,,,,,,,,,,,,,,,,,,,,,,,
"Mystic Monastery","1","1","Yellow","Yellow","Satya Sparks","3",,,,,,,,,,,,,,,,,,,,,,,,,,,
"Mystic Speculation","1","1","Blue","Blue","66vivi","3",,,,,,,,,,,,,,,,,,,,,,,,,,,
"Nadier's Nightblade","1","1","Purple","Purple","NuttySqrl","2",,,,,,,,,,,,,,,,,,,,,,,,,,,
"Nature's Lore","1","1","Green","Green","Toph Cheerios","3",,,,,,,,,,,,,,,,,,,,,,,,,,,
"Nature's Revolt","1","1","Green","Green","Toph Cheerios","3",,,,,,,,,,,,,,,,,,,,,,,,,,,
"Necroblossom Snarl","1","1","Purple","Purple","NuttySqrl","2",,,,,,,,,,,,,,,,,,,,,,,,,,,
"Necroduality","1","1","Red","Red","Zombie","2",,,,,,,,,,,,,,,,,,,,,,,,,,,
"Negate","1","1","Orange","Orange","FangTheif","3",,,,,,,,,,,,,,,,,,,,,,,,,,,
"Nested Shambler","1","1","Purple","Purple","NuttySqrl","2",,,,,,,,,,,,,,,,,,,,,,,,,,,
"Nissa's Pilgrimage","1","1","Orange","Orange","FangTheif","3",,,,,,,,,,,,,,,,,,,,,,,,,,,
"Niv-Mizzet, Parun","1","1","Blue","Blue","66vivi","3",,,,,,,,,,,,,,,,,,,,,,,,,,,
"Niv-Mizzet, Visionary","1","1","Blue","Blue","66vivi","3",,,,,,,,,,,,,,,,,,,,,,,,,,,
"Nomads' Assembly","1","1","Pink","Pink","BunnyPunch","2",,,,,,,,,,,,,,,,,,,,,,,,,,,
"Ohran Frostfang","1","1","Orange","Orange","FangTheif","3",,,,,,,,,,,,,,,,,,,,,,,,,,,
"Omnath, Locus of Rage","1","1","Green","Green","Toph Cheerios","3",,,,,,,,,,,,,,,,,,,,,,,,,,,
"On Wings of Gold","1","1","Red","Red","Zombie","2",,,,,,,,,,,,,,,,,,,,,,,,,,,
"Ophidian Eye","1","1","Blue","Blue","66vivi","3",,,,,,,,,,,,,,,,,,,,,,,,,,,
"Opt","1","1","Blue","Blue","66vivi","3",,,,,,,,,,,,,,,,,,,,,,,,,,,
"Oran-Rief, the Vastwood","1","1","Purple","Purple","NuttySqrl","2",,,,,,,,,,,,,,,,,,,,,,,,,,,
"Ornithopter","1","1","Green","Green","Toph Cheerios","3",,,,,,,,,,,,,,,,,,,,,,,,,,,
"Outlaws' Merriment","1","1","Pink","Pink","BunnyPunch","2",,,,,,,,,,,,,,,,,,,,,,,,,,,
"Panharmonicon","1","1","Green","Green","Toph Cheerios","3",,,,,,,,,,,,,,,,,,,,,,,,,,,
"Paradox Zone","1","1","Pink","Pink","BunnyPunch","2",,,,,,,,,,,,,,,,,,,,,,,,,,,
"Parhelion II","1","1","Pink","Pink","BunnyPunch","2",,,,,,,,,,,,,,,,,,,,,,,,,,,
"Patchwork Banner","1","1","Purple","Purple","NuttySqrl","2",,,,,,,,,,,,,,,,,,,,,,,,,,,
"Plague Belcher","1","1","Red","Red","Zombie","2",,,,,,,,,,,,,,,,,,,,,,,,,,,
"Planetarium of Wan Shi Tong","1","1","Green","Green","Toph Cheerios","3",,,,,,,,,,,,,,,,,,,,,,,,,,,
"Plasma Caster","1","1","Yellow","Yellow","Satya Sparks","3",,,,,,,,,,,,,,,,,,,,,,,,,,,
"Plumb the Forbidden","1","1","Purple","Purple","NuttySqrl","2",,,,,,,,,,,,,,,,,,,,,,,,,,,
"Poison-Tip Archer","1","1","Purple","Purple","NuttySqrl","2",,,,,,,,,,,,,,,,,,,,,,,,,,,
"Ponder","1","1","Blue","Blue","66vivi","3",,,,,,,,,,,,,,,,,,,,,,,,,,,
"Port Town","1","1","Yellow","Yellow","Satya Sparks","3",,,,,,,,,,,,,,,,,,,,,,,,,,,
"Predatory Hunger","1","1","Orange","Orange","FangTheif","3",,,,,,,,,,,,,,,,,,,,,,,,,,,
"Preordain","1","1","Blue","Blue","66vivi","3",,,,,,,,,,,,,,,,,,,,,,,,,,,
"Professional Face-Breaker","1","1","Yellow","Yellow","Satya Sparks","3",,,,,,,,,,,,,,,,,,,,,,,,,,,
"Prophet of the Scarab","1","1","Red","Red","Zombie","2",,,,,,,,,,,,,,,,,,,,,,,,,,,
"Prosperous Innkeeper","1","1","Purple","Purple","NuttySqrl","2",,,,,,,,,,,,,,,,,,,,,,,,,,,
"Pull from Tomorrow","1","1","Red","Red","Zombie","2",,,,,,,,,,,,,,,,,,,,,,,,,,,
"Queen Allenal of Ruadach","1","1","Pink","Pink","BunnyPunch","2",,,,,,,,,,,,,,,,,,,,,,,,,,,
"Raised by Giants","1","1","Orange","Orange","FangTheif","3",,,,,,,,,,,,,,,,,,,,,,,,,,,
"Rampant Growth","1","1","Green","Green","Toph Cheerios","3",,,,,,,,,,,,,,,,,,,,,,,,,,,
"Rancor","1","1","Orange","Orange","FangTheif","3",,,,,,,,,,,,,,,,,,,,,,,,,,,
"Raucous Audience","1","1","Orange","Orange","FangTheif","3",,,,,,,,,,,,,,,,,,,,,,,,,,,
"Raugrin Crystal","1","1","Yellow","Yellow","Satya Sparks","3",,,,,,,,,,,,,,,,,,,,,,,,,,,
"Ravenous Squirrel","1","1","Purple","Purple","NuttySqrl","2",,,,,,,,,,,,,,,,,,,,,,,,,,,
"Razorfield Ripper","1","1","Yellow","Yellow","Satya Sparks","3",,,,,,,,,,,,,,,,,,,,,,,,,,,
"Reach Through Mists","1","1","Blue","Blue","66vivi","3",,,,,,,,,,,,,,,,,,,,,,,,,,,
"Reiterate","1","1","Blue","Blue","66vivi","3",,,,,,,,,,,,,,,,,,,,,,,,,,,
"Reliquary Tower","1","1","Blue","Blue","66vivi","3",,,,,,,,,,,,,,,,,,,,,,,,,,,
"Renewed Solidarity","1","1","Red","Red","Zombie","2",,,,,,,,,,,,,,,,,,,,,,,,,,,
"Return of the Wildspeaker","1","1","Orange","Orange","FangTheif","3",,,,,,,,,,,,,,,,,,,,,,,,,,,
"Riverpyre Verge","1","1","Blue","Blue","66vivi","3",,,,,,,,,,,,,,,,,,,,,,,,,,,
"Rogue's Passage","1","1","Orange","Orange","FangTheif","3",,,,,,,,,,,,,,,,,,,,,,,,,,,
"Rooftop Storm","1","1","Red","Red","Zombie","2",,,,,,,,,,,,,,,,,,,,,,,,,,,
"Rootborn Defenses","1","1","Yellow","Yellow","Satya Sparks","3",,,,,,,,,,,,,,,,,,,,,,,,,,,
"Rootcast Apprenticeship","1","1","Purple","Purple","NuttySqrl","2",,,,,,,,,,,,,,,,,,,,,,,,,,,
"Rosie Cotton of South Lane","1","1","Pink","Pink","BunnyPunch","2",,,,,,,,,,,,,,,,,,,,,,,,,,,
"Rot Hulk","1","1","Red","Red","Zombie","2",,,,,,,,,,,,,,,,,,,,,,,,,,,
"Rousing Refrain","1","1","Blue","Blue","66vivi","3",,,,,,,,,,,,,,,,,,,,,,,,,,,
"Samwise Gamgee","1","1","Pink","Pink","BunnyPunch","2",,,,,,,,,,,,,,,,,,,,,,,,,,,
"Sandwurm Convergence","1","1","Pink","Pink","BunnyPunch","2",,,,,,,,,,,,,,,,,,,,,,,,,,,
"Satya, Aetherflux Genius","1","1","Yellow","Yellow","Satya Sparks","3",,,,,,,,,,,,,,,,,,,,,,,,,,,
"Saw in Half","1","1","Purple","Purple","NuttySqrl","2",,,,,,,,,,,,,,,,,,,,,,,,,,,
"Scoured Barrens","1","1","Red","Red","Zombie","2",,,,,,,,,,,,,,,,,,,,,,,,,,,
"Scurry of Squirrels","1","1","Purple","Purple","NuttySqrl","2",,,,,,,,,,,,,,,,,,,,,,,,,,,
"Scute Swarm","1","1","Green","Green","Toph Cheerios","3",,,,,,,,,,,,,,,,,,,,,,,,,,,
"Search the Premises","1","1","Pink","Pink","BunnyPunch","2",,,,,,,,,,,,,,,,,,,,,,,,,,,
"Season of Growth","1","1","Orange","Orange","FangTheif","3",,,,,,,,,,,,,,,,,,,,,,,,,,,
"Season of the Bold","1","1","Pink","Pink","BunnyPunch","2",,,,,,,,,,,,,,,,,,,,,,,,,,,
"Second Harvest","1","1","Purple","Purple","NuttySqrl","2",,,,,,,,,,,,,,,,,,,,,,,,,,,
"Secret Tunnel","1","1","Green","Green","Toph Cheerios","3",,,,,,,,,,,,,,,,,,,,,,,,,,,
"Secure the Wastes","1","1","Pink","Pink","BunnyPunch","2",,,,,,,,,,,,,,,,,,,,,,,,,,,
"Sentry Bot","1","1","Yellow","Yellow","Satya Sparks","3",,,,,,,,,,,,,,,,,,,,,,,,,,,
"Serum Visions","1","1","Blue","Blue","66vivi","3",,,,,,,,,,,,,,,,,,,,,,,,,,,
"Setessan Champion","1","1","Orange","Orange","FangTheif","3",,,,,,,,,,,,,,,,,,,,,,,,,,,
"Shamanic Revelation","1","1","Purple","Purple","NuttySqrl","2",,,,,,,,,,,,,,,,,,,,,,,,,,,
"Shark Typhoon","1","1","Blue","Blue","66vivi","3",,,,,,,,,,,,,,,,,,,,,,,,,,,
"Shielding Plax","1","1","Orange","Orange","FangTheif","3",,,,,,,,,,,,,,,,,,,,,,,,,,,
"Silk, Web Weaver","1","1","Pink","Pink","BunnyPunch","2",,,,,,,,,,,,,,,,,,,,,,,,,,,
"Sink into Stupor","1","1","Blue","Blue","66vivi","3",,,,,,,,,,,,,,,,,,,,,,,,,,,
"Skullclamp","1","1","Purple","Purple","NuttySqrl","2",,,,,,,,,,,,,,,,,,,,,,,,,,,
"Solar Transformer","1","1","Yellow","Yellow","Satya Sparks","3",,,,,,,,,,,,,,,,,,,,,,,,,,,
"Solemn Simulacrum","1","1","Yellow","Yellow","Satya Sparks","3",,,,,,,,,,,,,,,,,,,,,,,,,,,
"Solve the Equation","1","1","Blue","Blue","66vivi","3",,,,,,,,,,,,,,,,,,,,,,,,,,,
"Song of Totentanz","1","1","Pink","Pink","BunnyPunch","2",,,,,,,,,,,,,,,,,,,,,,,,,,,
"Soul Shatter","1","1","Purple","Purple","NuttySqrl","2",,,,,,,,,,,,,,,,,,,,,,,,,,,
"Spell Snare","1","1","Blue","Blue","66vivi","3",,,,,,,,,,,,,,,,,,,,,,,,,,,
"Spellbook","1","1","Green","Green","Toph Cheerios","3",,,,,,,,,,,,,,,,,,,,,,,,,,,
"Squirrel Mob","1","1","Purple","Purple","NuttySqrl","2",,,,,,,,,,,,,,,,,,,,,,,,,,,
"Squirrel Nest","1","1","Purple","Purple","NuttySqrl","2",,,,,,,,,,,,,,,,,,,,,,,,,,,
"Squirrel Sovereign","1","1","Purple","Purple","NuttySqrl","2",,,,,,,,,,,,,,,,,,,,,,,,,,,
"Stargaze","1","1","Orange","Orange","FangTheif","3",,,,,,,,,,,,,,,,,,,,,,,,,,,
"Stella Lee, Wild Card","1","1","Blue","Blue","66vivi","3",,,,,,,,,,,,,,,,,,,,,,,,,,,
"Stock Up","1","1","Blue","Blue","66vivi","3",,,,,,,,,,,,,,,,,,,,,,,,,,,
"Stone Idol Generator","1","1","Yellow","Yellow","Satya Sparks","3",,,,,,,,,,,,,,,,,,,,,,,,,,,
"Storm-Kiln Artist","1","1","Blue","Blue","66vivi","3",,,,,,,,,,,,,,,,,,,,,,,,,,,
"Stormcatch Mentor","1","1","Blue","Blue","66vivi","3",,,,,,,,,,,,,,,,,,,,,,,,,,,
"Stormsplitter","1","1","Blue","Blue","66vivi","3",,,,,,,,,,,,,,,,,,,,,,,,,,,
"Strong Back","1","1","Orange","Orange","FangTheif","3",,,,,,,,,,,,,,,,,,,,,,,,,,,
"Sundering Growth","1","1","Pink","Pink","BunnyPunch","2",,,,,,,,,,,,,,,,,,,,,,,,,,,
"Sunken Hollow","1","1","Red","Red","Zombie","2",,,,,,,,,,,,,,,,,,,,,,,,,,,
"Swan Song","1","1","Blue","Blue","66vivi","3",,,,,,,,,,,,,,,,,,,,,,,,,,,
"Swarmyard","1","1","Purple","Purple","NuttySqrl","2",,,,,,,,,,,,,,,,,,,,,,,,,,,
"Swarmyard Massacre","1","1","Purple","Purple","NuttySqrl","2",,,,,,,,,,,,,,,,,,,,,,,,,,,
"Swerve","1","1","Blue","Blue","66vivi","3",,,,,,,,,,,,,,,,,,,,,,,,,,,
"Sword of the Squeak","1","1","Purple","Purple","NuttySqrl","2",,,,,,,,,,,,,,,,,,,,,,,,,,,
"Swords to Plowshares","1","1","Red","Red","Zombie","2",,,,,,,,,,,,,,,,,,,,,,,,,,,
"Synth Eradicator","1","1","Yellow","Yellow","Satya Sparks","3",,,,,,,,,,,,,,,,,,,,,,,,,,,
"Tainted Wood","1","1","Purple","Purple","NuttySqrl","2",,,,,,,,,,,,,,,,,,,,,,,,,,,
"Talisman of Conviction","1","1","Yellow","Yellow","Satya Sparks","3",,,,,,,,,,,,,,,,,,,,,,,,,,,
"Talisman of Creativity","1","1","Yellow","Yellow","Satya Sparks","3",,,,,,,,,,,,,,,,,,,,,,,,,,,
"Talisman of Impulse","1","1","Green","Green","Toph Cheerios","3",,,,,,,,,,,,,,,,,,,,,,,,,,,
"Talisman of Progress","1","1","Yellow","Yellow","Satya Sparks","3",,,,,,,,,,,,,,,,,,,,,,,,,,,
"Talrand, Sky Summoner","1","1","Blue","Blue","66vivi","3",,,,,,,,,,,,,,,,,,,,,,,,,,,
"Tannuk, Memorial Ensign","1","1","Green","Green","Toph Cheerios","3",,,,,,,,,,,,,,,,,,,,,,,,,,,
"Temmet, Naktamun's Will","1","1","Red","Red","Zombie","2",,,,,,,,,,,,,,,,,,,,,,,,,,,
"Temple of Epiphany","1","1","Blue","Blue","66vivi","3",,,,,,,,,,,,,,,,,,,,,,,,,,,
"Temple of Malady","1","1","Purple","Purple","NuttySqrl","2",,,,,,,,,,,,,,,,,,,,,,,,,,,
"Temple of Silence","1","1","Red","Red","Zombie","2",,,,,,,,,,,,,,,,,,,,,,,,,,,
"Temple of Triumph","1","1","Yellow","Yellow","Satya Sparks","3",,,,,,,,,,,,,,,,,,,,,,,,,,,
"The Clone Saga","1","1","Yellow","Yellow","Satya Sparks","3",,,,,,,,,,,,,,,,,,,,,,,,,,,
"The Meathook Massacre","1","1","Red","Red","Zombie","2",,,,,,,,,,,,,,,,,,,,,,,,,,,
"The Motherlode, Excavator","1","1","Yellow","Yellow","Satya Sparks","3",,,,,,,,,,,,,,,,,,,,,,,,,,,
"The Odd Acorn Gang","1","1","Purple","Purple","NuttySqrl","2",,,,,,,,,,,,,,,,,,,,,,,,,,,
"The Scarab God","1","1","Red","Red","Zombie","2",,,,,,,,,,,,,,,,,,,,,,,,,,,
"The Thirteenth Doctor","1","1","Orange","Orange","FangTheif","3",,,,,,,,,,,,,,,,,,,,,,,,,,,
"Thornvault Forager","1","1","Purple","Purple","NuttySqrl","2",,,,,,,,,,,,,,,,,,,,,,,,,,,
"Thousand-Year Storm","1","1","Blue","Blue","66vivi","3",,,,,,,,,,,,,,,,,,,,,,,,,,,
"Thunder Magic","1","1","Blue","Blue","66vivi","3",,,,,,,,,,,,,,,,,,,,,,,,,,,
"Thunderclap Drake","1","1","Blue","Blue","66vivi","3",,,,,,,,,,,,,,,,,,,,,,,,,,,
"Tidings","1","1","Red","Red","Zombie","2",,,,,,,,,,,,,,,,,,,,,,,,,,,
"Tireless Provisioner","1","1","Purple","Purple","NuttySqrl","2",,,,,,,,,,,,,,,,,,,,,,,,,,,
"Tireless Tracker","1","1","Pink","Pink","BunnyPunch","2",,,,,,,,,,,,,,,,,,,,,,,,,,,
"Titanic Ultimatum","1","1","Pink","Pink","BunnyPunch","2",,,,,,,,,,,,,,,,,,,,,,,,,,,
"Toggo, Goblin Weaponsmith","1","1","Pink","Pink","BunnyPunch","2",,,,,,,,,,,,,,,,,,,,,,,,,,,
"Tolarian Winds","1","1","Red","Red","Zombie","2",,,,,,,,,,,,,,,,,,,,,,,,,,,
"Toph, the First Metalbender","1","1","Green","Green","Toph Cheerios","3",,,,,,,,,,,,,,,,,,,,,,,,,,,
"Tormod's Crypt","1","1","Green","Green","Toph Cheerios","3",,,,,,,,,,,,,,,,,,,,,,,,,,,
"Toski, Bearer of Secrets","1","1","Purple","Purple","NuttySqrl","2",,,,,,,,,,,,,,,,,,,,,,,,,,,
"Tree of Tales","1","1","Green","Green","Toph Cheerios","3",,,,,,,,,,,,,,,,,,,,,,,,,,,
"Twilight Mire","1","1","Purple","Purple","NuttySqrl","2",,,,,,,,,,,,,,,,,,,,,,,,,,,
"Twinflame Tyrant","1","1","Blue","Blue","66vivi","3",,,,,,,,,,,,,,,,,,,,,,,,,,,
"Twitch","1","1","Blue","Blue","66vivi","3",,,,,,,,,,,,,,,,,,,,,,,,,,,
"Tyvar, the Pummeler","1","1","Orange","Orange","FangTheif","3",,,,,,,,,,,,,,,,,,,,,,,,,,,
"Tyvar's Stand","1","1","Orange","Orange","FangTheif","3",,,,,,,,,,,,,,,,,,,,,,,,,,,
"Unholy Grotto","1","1","Red","Red","Zombie","2",,,,,,,,,,,,,,,,,,,,,,,,,,,
"Utopia Sprawl","1","1","Orange","Orange","FangTheif","3",,,,,,,,,,,,,,,,,,,,,,,,,,,
"Valley Rotcaller","1","1","Purple","Purple","NuttySqrl","2",,,,,,,,,,,,,,,,,,,,,,,,,,,
"Vandalblast","1","1","Blue","Blue","66vivi","3",,,,,,,,,,,,,,,,,,,,,,,,,,,
"Varina, Lich Queen","1","1","Red","Red","Zombie","2",,,,,,,,,,,,,,,,,,,,,,,,,,,
"Veyran, Voice of Duality","1","1","Blue","Blue","66vivi","3",,,,,,,,,,,,,,,,,,,,,,,,,,,
"Victim of Night","1","1","Red","Red","Zombie","2",,,,,,,,,,,,,,,,,,,,,,,,,,,
"Vinereap Mentor","1","1","Purple","Purple","NuttySqrl","2",,,,,,,,,,,,,,,,,,,,,,,,,,,
"Viridescent Bog","1","1","Purple","Purple","NuttySqrl","2",,,,,,,,,,,,,,,,,,,,,,,,,,,
"Visions of Phyrexia","1","1","Pink","Pink","BunnyPunch","2",,,,,,,,,,,,,,,,,,,,,,,,,,,
"Vivi Ornitier","1","1","Blue","Blue","66vivi","3",,,,,,,,,,,,,,,,,,,,,,,,,,,
"Volatile Stormdrake","1","1","Yellow","Yellow","Satya Sparks","3",,,,,,,,,,,,,,,,,,,,,,,,,,,
"Volcanic Torrent","1","1","Blue","Blue","66vivi","3",,,,,,,,,,,,,,,,,,,,,,,,,,,
"Voltstorm Angel","1","1","Yellow","Yellow","Satya Sparks","3",,,,,,,,,,,,,,,,,,,,,,,,,,,
"Wan Shi Tong, Librarian","1","1","Blue","Blue","66vivi","3",,,,,,,,,,,,,,,,,,,,,,,,,,,
"Wayfarer's Bauble","1","1","Yellow","Yellow","Satya Sparks","3",,,,,,,,,,,,,,,,,,,,,,,,,,,
"Wayward Servant","1","1","Red","Red","Zombie","2",,,,,,,,,,,,,,,,,,,,,,,,,,,
"Welding Jar","1","1","Green","Green","Toph Cheerios","3",,,,,,,,,,,,,,,,,,,,,,,,,,,
"Wheel of Potential","1","1","Yellow","Yellow","Satya Sparks","3",,,,,,,,,,,,,,,,,,,,,,,,,,,
"Wild Cantor","1","1","Pink","Pink","BunnyPunch","2",,,,,,,,,,,,,,,,,,,,,,,,,,,
"Willowrush Verge","1","1","Orange","Orange","FangTheif","3",,,,,,,,,,,,,,,,,,,,,,,,,,,
"Windgrace's Judgment","1","1","Purple","Purple","NuttySqrl","2",,,,,,,,,,,,,,,,,,,,,,,,,,,
"Winged Boots","1","1","Blue","Blue","66vivi","3",,,,,,,,,,,,,,,,,,,,,,,,,,,
"Woe Strider","1","1","Purple","Purple","NuttySqrl","2",,,,,,,,,,,,,,,,,,,,,,,,,,,
"Wojek Investigator","1","1","Pink","Pink","BunnyPunch","2",,,,,,,,,,,,,,,,,,,,,,,,,,,
"Wolfwillow Haven","1","1","Purple","Purple","NuttySqrl","2",,,,,,,,,,,,,,,,,,,,,,,,,,,
"Woodland Cemetery","1","1","Purple","Purple","NuttySqrl","2",,,,,,,,,,,,,,,,,,,,,,,,,,,
"Worldly Tutor","1","1","Green","Green","Toph Cheerios","3",,,,,,,,,,,,,,,,,,,,,,,,,,,
"Y'shtola Rhul","1","1","Yellow","Yellow","Satya Sparks","3",,,,,,,,,,,,,,,,,,,,,,,,,,,
"Yavimaya Coast","1","1","Orange","Orange","FangTheif","3",,,,,,,,,,,,,,,,,,,,,,,,,,,
"Zahur, Glory's Past","1","1","Red","Red","Zombie","2",,,,,,,,,,,,,,,,,,,,,,,,,,,
"Zombie Apocalypse","1","1","Red","Red","Zombie","2",,,,,,,,,,,,,,,,,,,,,,,,,,,
"Zombie Master","1","1","Red","Red","Zombie","2",,,,,,,,,,,,,,,,,,,,,,,,,,,
"Zul Ashur, Lich Lord","1","1","Red","Red","Zombie","2",,,,,,,,,,,,,,,,,,,,,,,,,,,
